{"cameraMode":{"drawMode":0,"name":"Shaded","section":"Shading Mode"},"sceneLighting":false,"audioPlay":false,"sceneViewState":{"showFog":true,"showMaterialUpdate":false,"showSkybox":false,"showFlares":true,"showImageEffects":true,"showParticleSystems":true},"in2DMode":false,"pivot":{"x":0.0,"y":1.2528189420700074,"z":0.9745174050331116},"rotation":{"x":-0.04815903678536415,"y":-0.7048368453979492,"z":-0.04807814583182335,"w":0.7061048746109009},"size":1.1147055625915528,"orthographic":true}