{"cameraMode":{"drawMode":0,"name":"Shaded","section":"Shading Mode"},"sceneLighting":false,"audioPlay":false,"sceneViewState":{"showFog":true,"showMaterialUpdate":false,"showSkybox":false,"showFlares":true,"showImageEffects":true,"showParticleSystems":true},"in2DMode":false,"pivot":{"x":0.0,"y":1.366999864578247,"z":1.5409998893737794},"rotation":{"x":-0.00558345764875412,"y":-0.7242679595947266,"z":-0.005871235858649015,"w":0.6894804239273071},"size":2.110714912414551,"orthographic":true}