{"cameraMode":{"drawMode":0,"name":"Shaded","section":"Shading Mode"},"sceneLighting":true,"audioPlay":false,"sceneViewState":{"showFog":true,"showMaterialUpdate":false,"showSkybox":true,"showFlares":true,"showImageEffects":true,"showParticleSystems":true},"in2DMode":false,"pivot":{"x":-1.0099999904632569,"y":9.649999618530274,"z":-3.5199999809265138},"rotation":{"x":-0.21116092801094056,"y":0.0694275051355362,"z":-0.01503844652324915,"w":-0.9748672842979431},"size":22.0,"orthographic":false}